DeID,Gender,BirthYear,BirthMonthapprox,YearAnth,SeasonAnth,SpecificSeasonAnth,Heightcm,Weightkg
AA010103,m,2005,12,2017,Dry,1,,
AA010103,m,2005,12,2017,Rainy,2,,
AA010103,m,2005,12,2018,Dry,3,145,45.8
AA010103,m,2005,12,2018,Rainy,4,152,49
AA010103,m,2005,12,2019,Dry,5,152,50
AA010103,m,2005,12,2019,Rainy,6,158.3,55
AA010107,f,2009,12,2017,Dry,1,,
AA010107,f,2009,12,2017,Rainy,2,125,27
AA010107,f,2009,12,2018,Dry,3,127.5,27
AA010107,f,2009,12,2018,Rainy,4,129,30
AA010107,f,2009,12,2019,Dry,5,131,31
AA010107,f,2009,12,2019,Rainy,6,134.5,35
AA010109,m,2004,1,2017,Dry,1,139.5,28
AA010109,m,2004,1,2017,Rainy,2,142,24
AA010109,m,2004,1,2018,Dry,3,143.5,28
AA010109,m,2004,1,2018,Rainy,4,147.5,33
AA010109,m,2004,1,2019,Dry,5,150,37
AA010109,m,2004,1,2019,Rainy,6,154.6,35
AA010110,m,2007,4,2017,Dry,1,122.5,12
AA010110,m,2007,4,2017,Rainy,2,125.2,22
AA010110,m,2007,4,2018,Dry,3,127,21
AA010110,m,2007,4,2018,Rainy,4,130.3,24
AA010110,m,2007,4,2019,Dry,5,132,25
AA010110,m,2007,4,2019,Rainy,6,133.3,23
AA010111,f,2012,8,2017,Dry,1,91.5,12
AA010111,f,2012,8,2017,Rainy,2,94,13
AA010111,f,2012,8,2018,Dry,3,97,12
AA010111,f,2012,8,2018,Rainy,4,100.3,14
AA010111,f,2012,8,2019,Dry,5,103,16
AA010111,f,2012,8,2019,Rainy,6,106,14
AA010112,f,2018,2,2017,Dry,1,,
AA010112,f,2018,2,2017,Rainy,2,,
AA010112,f,2018,2,2018,Dry,3,,
AA010112,f,2018,2,2018,Rainy,4,,
AA010112,f,2018,2,2019,Dry,5,62,6
AA010112,f,2018,2,2019,Rainy,6,,
AA010115,m,2004,4,2017,Dry,1,146,37
AA010115,m,2004,4,2017,Rainy,2,149.5,38.2
AA010115,m,2004,4,2018,Dry,3,152.6,40
AA010115,m,2004,4,2018,Rainy,4,,46
AA010115,m,2004,4,2019,Dry,5,160,46
AA010115,m,2004,4,2019,Rainy,6,162.3,50
AA010116,m,2019,1,2017,Dry,1,,
AA010116,m,2019,1,2017,Rainy,2,,
AA010116,m,2019,1,2018,Dry,3,,
AA010116,m,2019,1,2018,Rainy,4,,
AA010116,m,2019,1,2019,Dry,5,48,4
AA010116,m,2019,1,2019,Rainy,6,,
AA010118,f,2008,4,2017,Dry,1,132,26
AA010118,f,2008,4,2017,Rainy,2,136,25.4
AA010118,f,2008,4,2018,Dry,3,139.4,30
AA010118,f,2008,4,2018,Rainy,4,,
AA010118,f,2008,4,2019,Dry,5,143.5,35
AA010118,f,2008,4,2019,Rainy,6,145,35
AA010119,f,2016,12,2017,Dry,1,75,10
AA010119,f,2016,12,2017,Rainy,2,80,10
AA010119,f,2016,12,2018,Dry,3,,
AA010119,f,2016,12,2018,Rainy,4,,
AA010119,f,2016,12,2019,Dry,5,90,15
AA010119,f,2016,12,2019,Rainy,6,,
AA010123,m,2004,3,2017,Dry,1,164.1,55
AA010123,m,2004,3,2017,Rainy,2,,55
AA010123,m,2004,3,2018,Dry,3,,56.7
AA010123,m,2004,3,2018,Rainy,4,,56
AA010123,m,2004,3,2019,Dry,5,,60
AA010123,m,2004,3,2019,Rainy,6,,
AA010124,m,2006,10,2017,Dry,1,138,39
AA010124,m,2006,10,2017,Rainy,2,142,36
AA010124,m,2006,10,2018,Dry,3,144.5,39.1
AA010124,m,2006,10,2018,Rainy,4,150,42
AA010124,m,2006,10,2019,Dry,5,153,49
AA010124,m,2006,10,2019,Rainy,6,,48
AA010125,m,2017,5,2017,Dry,1,,
AA010125,m,2017,5,2017,Rainy,2,51,5.8
AA010125,m,2017,5,2018,Dry,3,67,8.4
AA010125,m,2017,5,2018,Rainy,4,74,8
AA010125,m,2017,5,2019,Dry,5,79,10
AA010125,m,2017,5,2019,Rainy,6,82.5,10
AA010129,f,2002,11,2017,Dry,1,,
AA010129,f,2002,11,2017,Rainy,2,,
AA010129,f,2002,11,2018,Dry,3,,
AA010129,f,2002,11,2018,Rainy,4,,
AA010129,f,2002,11,2019,Dry,5,,
AA010129,f,2002,11,2019,Rainy,6,,
AA010130,f,2004,12,2017,Dry,1,149.5,40
AA010130,f,2004,12,2017,Rainy,2,150.5,38
AA010130,f,2004,12,2018,Dry,3,153.2,41.2
AA010130,f,2004,12,2018,Rainy,4,154,43
AA010130,f,2004,12,2019,Dry,5,155,44
AA010130,f,2004,12,2019,Rainy,6,156.5,44
AA010131,f,2009,1,2017,Dry,1,122.5,25
AA010131,f,2009,1,2017,Rainy,2,124,24.5
AA010131,f,2009,1,2018,Dry,3,127.5,23.5
AA010131,f,2009,1,2018,Rainy,4,128,25
AA010131,f,2009,1,2019,Dry,5,134,35
AA010131,f,2009,1,2019,Rainy,6,134.2,37
AA010132,f,2011,4,2017,Dry,1,117,23
AA010132,f,2011,4,2017,Rainy,2,120,21
AA010132,f,2011,4,2018,Dry,3,123.5,
AA010132,f,2011,4,2018,Rainy,4,125.5,20
AA010132,f,2011,4,2019,Dry,5,127,25
AA010132,f,2011,4,2019,Rainy,6,129.8,25
AA010133,f,2015,10,2017,Dry,1,75.5,9
AA010133,f,2015,10,2017,Rainy,2,85,9.7
AA010133,f,2015,10,2018,Dry,3,85.9,8.3
AA010133,f,2015,10,2018,Rainy,4,89,11
AA010133,f,2015,10,2019,Dry,5,92,13
AA010133,f,2015,10,2019,Rainy,6,94.5,12
AA010139,f,2009,11,2017,Dry,1,120,18
AA010139,f,2009,11,2017,Rainy,2,124,25
AA010139,f,2009,11,2018,Dry,3,124.5,26.3
AA010139,f,2009,11,2018,Rainy,4,128,28
AA010139,f,2009,11,2019,Dry,5,130,30
AA010139,f,2009,11,2019,Rainy,6,137,33
AA010140,f,2011,5,2017,Dry,1,107.5,25
AA010140,f,2011,5,2017,Rainy,2,109,18
AA010140,f,2011,5,2018,Dry,3,112,19.5
AA010140,f,2011,5,2018,Rainy,4,114,22
AA010140,f,2011,5,2019,Dry,5,118,23
AA010140,f,2011,5,2019,Rainy,6,119.2,21
AA010142,m,2003,12,2017,Dry,1,136,28
AA010142,m,2003,12,2017,Rainy,2,140,29
AA010142,m,2003,12,2018,Dry,3,145,32
AA010142,m,2003,12,2018,Rainy,4,145.5,35
AA010142,m,2003,12,2019,Dry,5,152,47
AA010142,m,2003,12,2019,Rainy,6,154.3,41
AA010146,m,2006,10,2017,Dry,1,134.5,29
AA010146,m,2006,10,2017,Rainy,2,137,34
AA010146,m,2006,10,2018,Dry,3,141,35
AA010146,m,2006,10,2018,Rainy,4,143,37
AA010146,m,2006,10,2019,Dry,5,150,43
AA010146,m,2006,10,2019,Rainy,6,151.9,43
AA010147,m,2009,2,2017,Dry,1,113.5,20
AA010147,m,2009,2,2017,Rainy,2,117.5,25
AA010147,m,2009,2,2018,Dry,3,120.5,24.7
AA010147,m,2009,2,2018,Rainy,4,122,26
AA010147,m,2009,2,2019,Dry,5,124.5,25
AA010147,m,2009,2,2019,Rainy,6,127,26
AA010148,m,2011.75,9,2017,Dry,1,100.5,20
AA010148,m,2011.75,9,2017,Rainy,2,103.5,18
AA010148,m,2011.75,9,2018,Dry,3,106.5,18.2
AA010148,m,2011.75,9,2018,Rainy,4,110,21
AA010148,m,2011.75,9,2019,Dry,5,111,20
AA010148,m,2011.75,9,2019,Rainy,6,113.5,21
AA010151,m,2004,8,2017,Dry,1,135,33
AA010151,m,2004,8,2017,Rainy,2,138.5,31
AA010151,m,2004,8,2018,Dry,3,142.5,31
AA010151,m,2004,8,2018,Rainy,4,145,32
AA010151,m,2004,8,2019,Dry,5,147.5,35
AA010151,m,2004,8,2019,Rainy,6,147.5,35
AA010152,f,2017,10,2017,Dry,1,69,10
AA010152,f,2017,10,2017,Rainy,2,,
AA010152,f,2017,10,2018,Dry,3,85,10
AA010152,f,2017,10,2018,Rainy,4,87,10
AA010152,f,2017,10,2019,Dry,5,,
AA010152,f,2017,10,2019,Rainy,6,97,13
AA010156,f,2006,3,2017,Dry,1,142.5,40
AA010156,f,2006,3,2017,Rainy,2,146.5,35
AA010156,f,2006,3,2018,Dry,3,148,36.7
AA010156,f,2006,3,2018,Rainy,4,151.5,39
AA010156,f,2006,3,2019,Dry,5,152,43
AA010156,f,2006,3,2019,Rainy,6,155.3,44
AA010159,m,2003,9,2017,Dry,1,,
AA010159,m,2003,9,2017,Rainy,2,147,37
AA010159,m,2003,9,2018,Dry,3,,37.9
AA010159,m,2003,9,2018,Rainy,4,151,39
AA010159,m,2003,9,2019,Dry,5,153,41
AA010159,m,2003,9,2019,Rainy,6,,39
AA010160,m,2005,9,2017,Dry,1,,
AA010160,m,2005,9,2017,Rainy,2,120,23
AA010160,m,2005,9,2018,Dry,3,122,23
AA010160,m,2005,9,2018,Rainy,4,125,25
AA010160,m,2005,9,2019,Dry,5,126.7,26
AA010160,m,2005,9,2019,Rainy,6,128,25
AA010161,m,2010.5,6,2017,Dry,1,112.5,24
AA010161,m,2010.5,6,2017,Rainy,2,115,20
AA010161,m,2010.5,6,2018,Dry,3,117.5,20.6
AA010161,m,2010.5,6,2018,Rainy,4,120.5,22
AA010161,m,2010.5,6,2019,Dry,5,123,23
AA010161,m,2010.5,6,2019,Rainy,6,124,23
AA010162,f,2017,3,2017,Dry,1,,
AA010162,f,2017,3,2017,Rainy,2,,
AA010162,f,2017,3,2018,Dry,3,,
AA010162,f,2017,3,2018,Rainy,4,71,7
AA010162,f,2017,3,2019,Dry,5,73,8
AA010162,f,2017,3,2019,Rainy,6,79,8
AA010166,m,2006,4,2017,Dry,1,141,41
AA010166,m,2006,4,2017,Rainy,2,142,42
AA010166,m,2006,4,2018,Dry,3,145,40
AA010166,m,2006,4,2018,Rainy,4,,
AA010166,m,2006,4,2019,Dry,5,154.5,40
AA010166,m,2006,4,2019,Rainy,6,,43
AA010168,f,2010,8,2017,Dry,1,111,20
AA010168,f,2010,8,2017,Rainy,2,113.5,19
AA010168,f,2010,8,2018,Dry,3,117,19.4
AA010168,f,2010,8,2018,Rainy,4,120,19
AA010168,f,2010,8,2019,Dry,5,122.5,22
AA010168,f,2010,8,2019,Rainy,6,125.4,22
AA010170,m,2004,10,2017,Dry,1,133,35
AA010170,m,2004,10,2017,Rainy,2,135.5,33.4
AA010170,m,2004,10,2018,Dry,3,140.5,35.6
AA010170,m,2004,10,2018,Rainy,4,144.5,40
AA010170,m,2004,10,2019,Dry,5,,
AA010170,m,2004,10,2019,Rainy,6,151.3,43
AA010171,m,2007,7,2017,Dry,1,,
AA010171,m,2007,7,2017,Rainy,2,125,27
AA010171,m,2007,7,2018,Dry,3,126.5,27.4
AA010171,m,2007,7,2018,Rainy,4,129,29
AA010171,m,2007,7,2019,Dry,5,,
AA010171,m,2007,7,2019,Rainy,6,132.5,30
AA010173,f,2002,1,2017,Dry,1,149,49
AA010173,f,2002,1,2017,Rainy,2,,41.1
AA010173,f,2002,1,2018,Dry,3,,
AA010173,f,2002,1,2018,Rainy,4,,
AA010173,f,2002,1,2019,Dry,5,,
AA010173,f,2002,1,2019,Rainy,6,,42
AA010175,m,2006,2,2017,Dry,1,,
AA010175,m,2006,2,2017,Rainy,2,157,52.65
AA010175,m,2006,2,2018,Dry,3,,
AA010175,m,2006,2,2018,Rainy,4,,55
AA010175,m,2006,2,2019,Dry,5,,58
AA010175,m,2006,2,2019,Rainy,6,158.5,50
AA010180,m,2011.5,6,2017,Dry,1,106,19
AA010180,m,2011.5,6,2017,Rainy,2,109,
AA010180,m,2011.5,6,2018,Dry,3,109,13.3
AA010180,m,2011.5,6,2018,Rainy,4,115,19
AA010180,m,2011.5,6,2019,Dry,5,117,20
AA010180,m,2011.5,6,2019,Rainy,6,121,22
AA010182,f,2007,9,2017,Dry,1,129,26
AA010182,f,2007,9,2017,Rainy,2,130.5,28
AA010182,f,2007,9,2018,Dry,3,,
AA010182,f,2007,9,2018,Rainy,4,138.6,31
AA010182,f,2007,9,2019,Dry,5,140,35
AA010182,f,2007,9,2019,Rainy,6,144.5,34
AA010188,m,2012,2,2017,Dry,1,85.6,17
AA010188,m,2012,2,2017,Rainy,2,,
AA010188,m,2012,2,2018,Dry,3,93.5,16
AA010188,m,2012,2,2018,Rainy,4,99,16
AA010188,m,2012,2,2019,Dry,5,,
AA010188,m,2012,2,2019,Rainy,6,102.5,17
AA010190,f,2017,4,2017,Dry,1,,
AA010190,f,2017,4,2017,Rainy,2,,
AA010190,f,2017,4,2018,Dry,3,69,6.1
AA010190,f,2017,4,2018,Rainy,4,,
AA010190,f,2017,4,2019,Dry,5,,
AA010190,f,2017,4,2019,Rainy,6,,
AA010192,m,2010,3,2017,Dry,1,115,19
AA010192,m,2010,3,2017,Rainy,2,,
AA010192,m,2010,3,2018,Dry,3,119.5,20
AA010192,m,2010,3,2018,Rainy,4,121.5,20
AA010192,m,2010,3,2019,Dry,5,124.3,22
AA010192,m,2010,3,2019,Rainy,6,125.5,21
AA010193,m,2015,3,2017,Dry,1,69,8
AA010193,m,2015,3,2017,Rainy,2,,
AA010193,m,2015,3,2018,Dry,3,,
AA010193,m,2015,3,2018,Rainy,4,89,10
AA010193,m,2015,3,2019,Dry,5,89.3,13
AA010193,m,2015,3,2019,Rainy,6,90.8,12
AA010196,m,2007,12,2017,Dry,1,,
AA010196,m,2007,12,2017,Rainy,2,,
AA010196,m,2007,12,2018,Dry,3,142,38
AA010196,m,2007,12,2018,Rainy,4,,
AA010196,m,2007,12,2019,Dry,5,,
AA010196,m,2007,12,2019,Rainy,6,,
AA010197,m,2009,10,2017,Dry,1,102.5,16
AA010197,m,2009,10,2017,Rainy,2,105,18
AA010197,m,2009,10,2018,Dry,3,,
AA010197,m,2009,10,2018,Rainy,4,,
AA010197,m,2009,10,2019,Dry,5,,
AA010197,m,2009,10,2019,Rainy,6,,
AA010202,f,2009,3,2017,Dry,1,103,17
AA010202,f,2009,3,2017,Rainy,2,105.5,20
AA010202,f,2009,3,2018,Dry,3,108.5,17.1
AA010202,f,2009,3,2018,Rainy,4,,
AA010202,f,2009,3,2019,Dry,5,,
AA010202,f,2009,3,2019,Rainy,6,,
AA010207,f,2016,9,2017,Dry,1,72,7
AA010207,f,2016,9,2017,Rainy,2,,
AA010207,f,2016,9,2018,Dry,3,,
AA010207,f,2016,9,2018,Rainy,4,,
AA010207,f,2016,9,2019,Dry,5,,
AA010207,f,2016,9,2019,Rainy,6,,
AA010210,f,2016,5,2017,Dry,1,,
AA010210,f,2016,5,2017,Rainy,2,82,10
AA010210,f,2016,5,2018,Dry,3,86,11.3
AA010210,f,2016,5,2018,Rainy,4,89.7,11
AA010210,f,2016,5,2019,Dry,5,92,10
AA010210,f,2016,5,2019,Rainy,6,96,13
AA010213,m,1999,9,2017,Dry,1,156.5,56
AA010213,m,1999,9,2017,Rainy,2,,58
AA010213,m,1999,9,2018,Dry,3,,55
AA010213,m,1999,9,2018,Rainy,4,157.4,55
AA010213,m,1999,9,2019,Dry,5,,56
AA010213,m,1999,9,2019,Rainy,6,,55
AA010214,m,2008,12,2017,Dry,1,,
AA010214,m,2008,12,2017,Rainy,2,129,25
AA010214,m,2008,12,2018,Dry,3,130,25
AA010214,m,2008,12,2018,Rainy,4,132.6,23
AA010214,m,2008,12,2019,Dry,5,135.1,25
AA010214,m,2008,12,2019,Rainy,6,136.4,27
AA010216,f,2005,12,2017,Dry,1,150,45
AA010216,f,2005,12,2017,Rainy,2,150,41
AA010216,f,2005,12,2018,Dry,3,150,45
AA010216,f,2005,12,2018,Rainy,4,151.7,47
AA010216,f,2005,12,2019,Dry,5,152.5,50
AA010216,f,2005,12,2019,Rainy,6,153.6,50
AA010219,m,2005,6,2017,Dry,1,158.5,45
AA010219,m,2005,6,2017,Rainy,2,160,43
AA010219,m,2005,6,2018,Dry,3,160,50
AA010219,m,2005,6,2018,Rainy,4,161,47
AA010219,m,2005,6,2019,Dry,5,161.1,45
AA010219,m,2005,6,2019,Rainy,6,161.5,49
AA010221,f,2019,7,2017,Dry,1,,
AA010221,f,2019,7,2017,Rainy,2,,
AA010221,f,2019,7,2018,Dry,3,,
AA010221,f,2019,7,2018,Rainy,4,,
AA010221,f,2019,7,2019,Dry,5,,
AA010221,f,2019,7,2019,Rainy,6,61,4
AA010225,f,2012.5,6,2017,Dry,1,94,10
AA010225,f,2012.5,6,2017,Rainy,2,96,13
AA010225,f,2012.5,6,2018,Dry,3,98.5,12
AA010225,f,2012.5,6,2018,Rainy,4,101.9,13
AA010225,f,2012.5,6,2019,Dry,5,104.8,13
AA010225,f,2012.5,6,2019,Rainy,6,108.2,15
AA010227,m,2009,9,2017,Dry,1,,
AA010227,m,2009,9,2017,Rainy,2,,
AA010227,m,2009,9,2018,Dry,3,110.9,19
AA010227,m,2009,9,2018,Rainy,4,,
AA010227,m,2009,9,2019,Dry,5,115.2,20
AA010227,m,2009,9,2019,Rainy,6,,
AA010229,f,2017,2,2017,Dry,1,,
AA010229,f,2017,2,2017,Rainy,2,,
AA010229,f,2017,2,2018,Dry,3,68,8
AA010229,f,2017,2,2018,Rainy,4,,
AA010229,f,2017,2,2019,Dry,5,75.5,9
AA010229,f,2017,2,2019,Rainy,6,,
AA010232,f,2011,12,2017,Dry,1,112.5,20
AA010232,f,2011,12,2017,Rainy,2,114.3,20
AA010232,f,2011,12,2018,Dry,3,119.4,21
AA010232,f,2011,12,2018,Rainy,4,121.4,22
AA010232,f,2011,12,2019,Dry,5,123.9,22
AA010232,f,2011,12,2019,Rainy,6,,
AA010234,m,2008,9,2017,Dry,1,125,30
AA010234,m,2008,9,2017,Rainy,2,127,30
AA010234,m,2008,9,2018,Dry,3,130.4,29.9
AA010234,m,2008,9,2018,Rainy,4,134,32
AA010234,m,2008,9,2019,Dry,5,134.7,31
AA010234,m,2008,9,2019,Rainy,6,135,35
AA010235,m,2019,7,2017,Dry,1,,
AA010235,m,2019,7,2017,Rainy,2,,
AA010235,m,2019,7,2018,Dry,3,,
AA010235,m,2019,7,2018,Rainy,4,,
AA010235,m,2019,7,2019,Dry,5,,
AA010235,m,2019,7,2019,Rainy,6,55,4
AA010237,m,2006,11,2017,Dry,1,135.5,30
AA010237,m,2006,11,2017,Rainy,2,139,29
AA010237,m,2006,11,2018,Dry,3,146,42
AA010237,m,2006,11,2018,Rainy,4,150,40
AA010237,m,2006,11,2019,Dry,5,152.3,39
AA010237,m,2006,11,2019,Rainy,6,154.3,41
AA010242,f,2011,11,2017,Dry,1,114.5,18
AA010242,f,2011,11,2017,Rainy,2,117,20
AA010242,f,2011,11,2018,Dry,3,119,22
AA010242,f,2011,11,2018,Rainy,4,123.5,23
AA010242,f,2011,11,2019,Dry,5,126.2,21
AA010242,f,2011,11,2019,Rainy,6,128.5,24
AA010243,f,2016,10,2017,Dry,1,65,9.4
AA010243,f,2016,10,2017,Rainy,2,72,9
AA010243,f,2016,10,2018,Dry,3,79,11
AA010243,f,2016,10,2018,Rainy,4,81,11
AA010243,f,2016,10,2019,Dry,5,85.9,11
AA010243,f,2016,10,2019,Rainy,6,88.8,12
AA010245,m,2013.667,8,2017,Dry,1,90.5,15
AA010245,m,2013.667,8,2017,Rainy,2,94.5,15
AA010245,m,2013.667,8,2018,Dry,3,98.6,17
AA010245,m,2013.667,8,2018,Rainy,4,103.4,16.5
AA010245,m,2013.667,8,2019,Dry,5,106,18
AA010245,m,2013.667,8,2019,Rainy,6,107.6,18
AA010248,m,2017,11,2017,Dry,1,,
AA010248,m,2017,11,2017,Rainy,2,,
AA010248,m,2017,11,2018,Dry,3,,8
AA010248,m,2017,11,2018,Rainy,4,72,8
AA010248,m,2017,11,2019,Dry,5,74.5,8
AA010248,m,2017,11,2019,Rainy,6,80,9
AA010250,f,2006,7,2017,Dry,1,140.5,30
AA010250,f,2006,7,2017,Rainy,2,143,30
AA010250,f,2006,7,2018,Dry,3,145.3,43
AA010250,f,2006,7,2018,Rainy,4,146.4,39
AA010250,f,2006,7,2019,Dry,5,148,41
AA010250,f,2006,7,2019,Rainy,6,148.3,43
AA010251,f,2011,5,2017,Dry,1,107.5,15
AA010251,f,2011,5,2017,Rainy,2,109.5,15
AA010251,f,2011,5,2018,Dry,3,113.4,18
AA010251,f,2011,5,2018,Rainy,4,115.6,18
AA010251,f,2011,5,2019,Dry,5,117.8,17
AA010251,f,2011,5,2019,Rainy,6,118.4,18
AA010253,m,2010,5,2017,Dry,1,,
AA010253,m,2010,5,2017,Rainy,2,108,16
AA010253,m,2010,5,2018,Dry,3,109.5,18
AA010253,m,2010,5,2018,Rainy,4,112,20
AA010253,m,2010,5,2019,Dry,5,114.3,20
AA010253,m,2010,5,2019,Rainy,6,115.7,22
AA010257,f,2015,4,2017,Dry,1,,
AA010257,f,2015,4,2017,Rainy,2,81,10
AA010257,f,2015,4,2018,Dry,3,84.3,12
AA010257,f,2015,4,2018,Rainy,4,88.7,14
AA010257,f,2015,4,2019,Dry,5,92,14
AA010257,f,2015,4,2019,Rainy,6,94,12
AA010259,m,2007.5,6,2017,Dry,1,123.5,21.7
AA010259,m,2007.5,6,2017,Rainy,2,,21
AA010259,m,2007.5,6,2018,Dry,3,129.1,25
AA010259,m,2007.5,6,2018,Rainy,4,132.5,26
AA010259,m,2007.5,6,2019,Dry,5,133.2,28
AA010259,m,2007.5,6,2019,Rainy,6,135.7,27
AA010260,m,2018,9,2017,Dry,1,,
AA010260,m,2018,9,2017,Rainy,2,,
AA010260,m,2018,9,2018,Dry,3,,
AA010260,m,2018,9,2018,Rainy,4,57,6
AA010260,m,2018,9,2019,Dry,5,60,7
AA010260,m,2018,9,2019,Rainy,6,70.5,9
AA010263,m,2016,3,2017,Dry,1,70,10
AA010263,m,2016,3,2017,Rainy,2,77,9
AA010263,m,2016,3,2018,Dry,3,83.8,10.5
AA010263,m,2016,3,2018,Rainy,4,88.7,12
AA010263,m,2016,3,2019,Dry,5,92.9,14
AA010263,m,2016,3,2019,Rainy,6,,
AA010265,f,2015,2,2017,Dry,1,97,12
AA010265,f,2015,2,2017,Rainy,2,100.5,14
AA010265,f,2015,2,2018,Dry,3,103,13
AA010265,f,2015,2,2018,Rainy,4,106.7,14
AA010265,f,2015,2,2019,Dry,5,,
AA010265,f,2015,2,2019,Rainy,6,,
AA010269,f,2007,6,2017,Dry,1,,
AA010269,f,2007,6,2017,Rainy,2,,
AA010269,f,2007,6,2018,Dry,3,140.4,29
AA010269,f,2007,6,2018,Rainy,4,144,33
AA010269,f,2007,6,2019,Dry,5,145.8,37
AA010269,f,2007,6,2019,Rainy,6,147.3,37
AA010272,m,2005,2,2017,Dry,1,,
AA010272,m,2005,2,2017,Rainy,2,,26
AA010272,m,2005,2,2018,Dry,3,133.4,29
AA010272,m,2005,2,2018,Rainy,4,137.2,32
AA010272,m,2005,2,2019,Dry,5,139.4,36
AA010272,m,2005,2,2019,Rainy,6,143.6,35
AA010273,m,2017,7,2017,Dry,1,,
AA010273,m,2017,7,2017,Rainy,2,64.3,6
AA010273,m,2017,7,2018,Dry,3,,13
AA010273,m,2017,7,2018,Rainy,4,72,8
AA010273,m,2017,7,2019,Dry,5,77.7,10
AA010273,m,2017,7,2019,Rainy,6,82,10
AA010275,f,2010,2,2017,Dry,1,,
AA010275,f,2010,2,2017,Rainy,2,,15
AA010275,f,2010,2,2018,Dry,3,108,13
AA010275,f,2010,2,2018,Rainy,4,110.4,17
AA010275,f,2010,2,2019,Dry,5,112,18
AA010275,f,2010,2,2019,Rainy,6,114,19
AA010277,m,2006,9,2017,Dry,1,,
AA010277,m,2006,9,2017,Rainy,2,,
AA010277,m,2006,9,2018,Dry,3,135,28
AA010277,m,2006,9,2018,Rainy,4,137.6,30
AA010277,m,2006,9,2019,Dry,5,140.8,31
AA010277,m,2006,9,2019,Rainy,6,141.9,32
AA010278,m,2018,7,2017,Dry,1,,
AA010278,m,2018,7,2017,Rainy,2,,
AA010278,m,2018,7,2018,Dry,3,,
AA010278,m,2018,7,2018,Rainy,4,54,5
AA010278,m,2018,7,2019,Dry,5,63.5,7
AA010278,m,2018,7,2019,Rainy,6,69.3,8
AA010281,m,1998,1,2017,Dry,1,,
AA010281,m,1998,1,2017,Rainy,2,127,25
AA010281,m,1998,1,2018,Dry,3,128,25
AA010281,m,1998,1,2018,Rainy,4,130,25
AA010281,m,1998,1,2019,Dry,5,,
AA010281,m,1998,1,2019,Rainy,6,133.5,26
AA010282,m,2008,8,2017,Dry,1,,
AA010282,m,2008,8,2017,Rainy,2,,
AA010282,m,2008,8,2018,Dry,3,154.7,39
AA010282,m,2008,8,2018,Rainy,4,156,38
AA010282,m,2008,8,2019,Dry,5,,
AA010282,m,2008,8,2019,Rainy,6,,38
AA010284,f,2000,3,2017,Dry,1,,
AA010284,f,2000,3,2017,Rainy,2,,
AA010284,f,2000,3,2018,Dry,3,,
AA010284,f,2000,3,2018,Rainy,4,,
AA010284,f,2000,3,2019,Dry,5,,
AA010284,f,2000,3,2019,Rainy,6,104.6,15
AA010285,f,2000,4,2017,Dry,1,,
AA010285,f,2000,4,2017,Rainy,2,,
AA010285,f,2000,4,2018,Dry,3,128,25
AA010285,f,2000,4,2018,Rainy,4,,35
AA010285,f,2000,4,2019,Dry,5,,
AA010285,f,2000,4,2019,Rainy,6,,
AA010286,f,2013,5,2017,Dry,1,,
AA010286,f,2013,5,2017,Rainy,2,,
AA010286,f,2013,5,2018,Dry,3,95,12
AA010286,f,2013,5,2018,Rainy,4,99.5,12
AA010286,f,2013,5,2019,Dry,5,101.5,14
AA010286,f,2013,5,2019,Rainy,6,,
AA010289,m,2004,10,2017,Dry,1,152,29
AA010289,m,2004,10,2017,Rainy,2,156.4,36
AA010289,m,2004,10,2018,Dry,3,160.5,38
AA010289,m,2004,10,2018,Rainy,4,161,40
AA010289,m,2004,10,2019,Dry,5,163,40
AA010289,m,2004,10,2019,Rainy,6,164.5,43
AA010290,m,2010,7,2017,Dry,1,113.5,17
AA010290,m,2010,7,2017,Rainy,2,117,19
AA010290,m,2010,7,2018,Dry,3,119.5,21
AA010290,m,2010,7,2018,Rainy,4,122.5,21
AA010290,m,2010,7,2019,Dry,5,123.8,23
AA010290,m,2010,7,2019,Rainy,6,125.7,22
AA010291,m,2003,12,2017,Dry,1,159.5,40
AA010291,m,2003,12,2017,Rainy,2,165.2,44
AA010291,m,2003,12,2018,Dry,3,171,48
AA010291,m,2003,12,2018,Rainy,4,176.5,50
AA010291,m,2003,12,2019,Dry,5,177.7,60
AA010291,m,2003,12,2019,Rainy,6,,
AA010292,m,2003,6,2017,Dry,1,,
AA010292,m,2003,6,2017,Rainy,2,,
AA010292,m,2003,6,2018,Dry,3,,
AA010292,m,2003,6,2018,Rainy,4,170.2,64
AA010292,m,2003,6,2019,Dry,5,170.4,65
AA010292,m,2003,6,2019,Rainy,6,170.6,69
AA010299,f,2007,2,2017,Dry,1,142.5,28
AA010299,f,2007,2,2017,Rainy,2,145.5,33
AA010299,f,2007,2,2018,Dry,3,149.1,35
AA010299,f,2007,2,2018,Rainy,4,153,39
AA010299,f,2007,2,2019,Dry,5,158,43
AA010299,f,2007,2,2019,Rainy,6,158.2,44
AA010300,f,2009,4,2017,Dry,1,128.5,22
AA010300,f,2009,4,2017,Rainy,2,131.4,24
AA010300,f,2009,4,2018,Dry,3,135,26
AA010300,f,2009,4,2018,Rainy,4,138.6,29
AA010300,f,2009,4,2019,Dry,5,140.2,30
AA010300,f,2009,4,2019,Rainy,6,143.4,36
AA010303,m,2000,2,2017,Dry,1,171,60
AA010303,m,2000,2,2017,Rainy,2,,
AA010303,m,2000,2,2018,Dry,3,,
AA010303,m,2000,2,2018,Rainy,4,173.7,67
AA010303,m,2000,2,2019,Dry,5,174,68
AA010303,m,2000,2,2019,Rainy,6,174,68
AA010304,f,2010,8,2017,Dry,1,133.5,35
AA010304,f,2010,8,2017,Rainy,2,136.3,41
AA010304,f,2010,8,2018,Dry,3,140.5,39
AA010304,f,2010,8,2018,Rainy,4,144,48
AA010304,f,2010,8,2019,Dry,5,145,52
AA010304,f,2010,8,2019,Rainy,6,147.2,54
AA010307,m,1998,8,2017,Dry,1,157,59
AA010307,m,1998,8,2017,Rainy,2,157,50
AA010307,m,1998,8,2018,Dry,3,157.8,54
AA010307,m,1998,8,2018,Rainy,4,158,49
AA010307,m,1998,8,2019,Dry,5,158.4,52
AA010307,m,1998,8,2019,Rainy,6,,50
AA010308,m,2004,3,2017,Dry,1,139.5,35
AA010308,m,2004,3,2017,Rainy,2,142,35
AA010308,m,2004,3,2018,Dry,3,150.4,45
AA010308,m,2004,3,2018,Rainy,4,152,40
AA010308,m,2004,3,2019,Dry,5,155.5,42
AA010308,m,2004,3,2019,Rainy,6,158.1,46
AA010309,m,2008.5,10,2017,Dry,1,111.5,19
AA010309,m,2008.5,10,2017,Rainy,2,112,20
AA010309,m,2008.5,10,2018,Dry,3,116.5,25
AA010309,m,2008.5,10,2018,Rainy,4,118.8,21
AA010309,m,2008.5,10,2019,Dry,5,120,22
AA010309,m,2008.5,10,2019,Rainy,6,123,24
AA010310,m,2012.167,2,2017,Dry,1,99.5,17
AA010310,m,2012.167,2,2017,Rainy,2,100,15
AA010310,m,2012.167,2,2018,Dry,3,105,16
AA010310,m,2012.167,2,2018,Rainy,4,108.3,16
AA010310,m,2012.167,2,2019,Dry,5,111,15
AA010310,m,2012.167,2,2019,Rainy,6,113.7,18
AA010316,m,2016,4,2017,Dry,1,70.5,10
AA010316,m,2016,4,2017,Rainy,2,74,9
AA010316,m,2016,4,2018,Dry,3,81.7,9
AA010316,m,2016,4,2018,Rainy,4,87,11
AA010316,m,2016,4,2019,Dry,5,88.2,11
AA010316,m,2016,4,2019,Rainy,6,92.3,12
AA010320,m,2004,4,2017,Dry,1,150.5,30
AA010320,m,2004,4,2017,Rainy,2,,
AA010320,m,2004,4,2018,Dry,3,,
AA010320,m,2004,4,2018,Rainy,4,,
AA010320,m,2004,4,2019,Dry,5,,
AA010320,m,2004,4,2019,Rainy,6,166.5,44
AA010321,m,2009,8,2017,Dry,1,124.5,21
AA010321,m,2009,8,2017,Rainy,2,126.5,23
AA010321,m,2009,8,2018,Dry,3,,
AA010321,m,2009,8,2018,Rainy,4,131,25
AA010321,m,2009,8,2019,Dry,5,133.7,27
AA010321,m,2009,8,2019,Rainy,6,136.2,28
AA010323,f,2016,2,2017,Dry,1,73.5,9
AA010323,f,2016,2,2017,Rainy,2,74,8
AA010323,f,2016,2,2018,Dry,3,85,11
AA010323,f,2016,2,2018,Rainy,4,87.4,12
AA010323,f,2016,2,2019,Dry,5,91.5,11
AA010323,f,2016,2,2019,Rainy,6,95,13
AA010325,m,2009,5,2017,Dry,1,,
AA010325,m,2009,5,2017,Rainy,2,,
AA010325,m,2009,5,2018,Dry,3,139.7,27
AA010325,m,2009,5,2018,Rainy,4,142,29
AA010325,m,2009,5,2019,Dry,5,144.4,30
AA010325,m,2009,5,2019,Rainy,6,,
AA010327,f,2011,2,2017,Dry,1,,
AA010327,f,2011,2,2017,Rainy,2,,
AA010327,f,2011,2,2018,Dry,3,117.8,20
AA010327,f,2011,2,2018,Rainy,4,124,24
AA010327,f,2011,2,2019,Dry,5,,
AA010327,f,2011,2,2019,Rainy,6,,
AA010330,m,2017,9,2017,Dry,1,58,5
AA010330,m,2017,9,2017,Rainy,2,62,9.1
AA010330,m,2017,9,2018,Dry,3,,
AA010330,m,2017,9,2018,Rainy,4,84.5,11
AA010330,m,2017,9,2019,Dry,5,89.3,12
AA010330,m,2017,9,2019,Rainy,6,93.7,14
AA010334,f,2010,9,2017,Dry,1,119.5,20
AA010334,f,2010,9,2017,Rainy,2,121.5,22
AA010334,f,2010,9,2018,Dry,3,124.8,22
AA010334,f,2010,9,2018,Rainy,4,125.5,24
AA010334,f,2010,9,2019,Dry,5,128.7,24
AA010334,f,2010,9,2019,Rainy,6,132,27
AA010336,m,2004,2,2017,Dry,1,157.5,50
AA010336,m,2004,2,2017,Rainy,2,26,61
AA010336,m,2004,2,2018,Dry,3,,
AA010336,m,2004,2,2018,Rainy,4,159.5,54
AA010336,m,2004,2,2019,Dry,5,159.5,54
AA010336,m,2004,2,2019,Rainy,6,160.6,54
AA010338,f,2007,9,2017,Dry,1,145.5,42
AA010338,f,2007,9,2017,Rainy,2,147.5,41.5
AA010338,f,2007,9,2018,Dry,3,148.2,46
AA010338,f,2007,9,2018,Rainy,4,148.5,50
AA010338,f,2007,9,2019,Dry,5,149.3,49
AA010338,f,2007,9,2019,Rainy,6,149.5,49
AA010340,f,2017,11,2017,Dry,1,59,7
AA010340,f,2017,11,2017,Rainy,2,67.5,7.45
AA010340,f,2017,11,2018,Dry,3,,10
AA010340,f,2017,11,2018,Rainy,4,83,10
AA010340,f,2017,11,2019,Dry,5,16.3,83.4
AA010340,f,2017,11,2019,Rainy,6,85.3,13
AA010342,m,1994,8,2017,Dry,1,,
AA010342,m,1994,8,2017,Rainy,2,,
AA010342,m,1994,8,2018,Dry,3,,
AA010342,m,1994,8,2018,Rainy,4,,
AA010342,m,1994,8,2019,Dry,5,,48
AA010342,m,1994,8,2019,Rainy,6,,48
AA010343,m,2002,4,2017,Dry,1,154,45
AA010343,m,2002,4,2017,Rainy,2,,
AA010343,m,2002,4,2018,Dry,3,155,45
AA010343,m,2002,4,2018,Rainy,4,156.1,42
AA010343,m,2002,4,2019,Dry,5,156.7,45
AA010343,m,2002,4,2019,Rainy,6,156.8,48
AA010344,m,2012.167,2,2017,Dry,1,,
AA010344,m,2012.167,2,2017,Rainy,2,110,17.75
AA010344,m,2012.167,2,2018,Dry,3,112.5,22
AA010344,m,2012.167,2,2018,Rainy,4,115,20
AA010344,m,2012.167,2,2019,Dry,5,117.3,19
AA010344,m,2012.167,2,2019,Rainy,6,120.4,22
AA010345,m,2017,12,2017,Dry,1,,
AA010345,m,2017,12,2017,Rainy,2,,
AA010345,m,2017,12,2018,Dry,3,,
AA010345,m,2017,12,2018,Rainy,4,76,8
AA010345,m,2017,12,2019,Dry,5,,
AA010345,m,2017,12,2019,Rainy,6,82.5,10
AA010347,f,2000,11,2017,Dry,1,146,41
AA010347,f,2000,11,2017,Rainy,2,,
AA010347,f,2000,11,2018,Dry,3,146,38
AA010347,f,2000,11,2018,Rainy,4,146,37
AA010347,f,2000,11,2019,Dry,5,146,37
AA010347,f,2000,11,2019,Rainy,6,146,39
AA010350,m,2001,10,2017,Dry,1,161,45
AA010350,m,2001,10,2017,Rainy,2,,47
AA010350,m,2001,10,2018,Dry,3,161.4,50
AA010350,m,2001,10,2018,Rainy,4,161.7,50
AA010350,m,2001,10,2019,Dry,5,,
AA010350,m,2001,10,2019,Rainy,6,,53
AA010351,m,2011,7,2017,Dry,1,,
AA010351,m,2011,7,2017,Rainy,2,116.5,22
AA010351,m,2011,7,2018,Dry,3,119,21
AA010351,m,2011,7,2018,Rainy,4,121.3,23
AA010351,m,2011,7,2019,Dry,5,122.7,23
AA010351,m,2011,7,2019,Rainy,6,124,24
AA010352,m,2016,11,2017,Dry,1,60,6
AA010352,m,2016,11,2017,Rainy,2,70.5,9
AA010352,m,2016,11,2018,Dry,3,79,10
AA010352,m,2016,11,2018,Rainy,4,84.2,10
AA010352,m,2016,11,2019,Dry,5,87.8,12
AA010352,m,2016,11,2019,Rainy,6,91.6,13
AA010355,m,2004,11,2017,Dry,1,159,41
AA010355,m,2004,11,2017,Rainy,2,160,45
AA010355,m,2004,11,2018,Dry,3,165.8,49
AA010355,m,2004,11,2018,Rainy,4,166,47
AA010355,m,2004,11,2019,Dry,5,166,48
AA010355,m,2004,11,2019,Rainy,6,166,47
AA010358,f,2001,10,2017,Dry,1,160.5,46
AA010358,f,2001,10,2017,Rainy,2,,45
AA010358,f,2001,10,2018,Dry,3,161,48
AA010358,f,2001,10,2018,Rainy,4,161,42
AA010358,f,2001,10,2019,Dry,5,161.5,44
AA010358,f,2001,10,2019,Rainy,6,161.5,42
AA010361,f,2002,3,2017,Dry,1,142.5,35
AA010361,f,2002,3,2017,Rainy,2,,40
AA010361,f,2002,3,2018,Dry,3,143,40
AA010361,f,2002,3,2018,Rainy,4,,37
AA010361,f,2002,3,2019,Dry,5,,42
AA010361,f,2002,3,2019,Rainy,6,,
AA010362,f,2006,11,2017,Dry,1,130.5,26
AA010362,f,2006,11,2017,Rainy,2,134.2,29
AA010362,f,2006,11,2018,Dry,3,,
AA010362,f,2006,11,2018,Rainy,4,138.5,34
AA010362,f,2006,11,2019,Dry,5,141.5,39
AA010362,f,2006,11,2019,Rainy,6,142.7,37
AA010363,f,2008,3,2017,Dry,1,122.5,21
AA010363,f,2008,3,2017,Rainy,2,126,24
AA010363,f,2008,3,2018,Dry,3,128.7,23
AA010363,f,2008,3,2018,Rainy,4,133.5,28
AA010363,f,2008,3,2019,Dry,5,136.9,28
AA010363,f,2008,3,2019,Rainy,6,138.7,32
AA010364,f,2010,2,2017,Dry,1,111.5,16
AA010364,f,2010,2,2017,Rainy,2,114,20
AA010364,f,2010,2,2018,Dry,3,117.5,17
AA010364,f,2010,2,2018,Rainy,4,120,20
AA010364,f,2010,2,2019,Dry,5,122.5,20
AA010364,f,2010,2,2019,Rainy,6,124.7,21
AA010365,f,2013,12,2017,Dry,1,89,12
AA010365,f,2013,12,2017,Rainy,2,92,15
AA010365,f,2013,12,2018,Dry,3,94.2,13.5
AA010365,f,2013,12,2018,Rainy,4,98,14
AA010365,f,2013,12,2019,Dry,5,104,14
AA010365,f,2013,12,2019,Rainy,6,105.5,15
AA010367,m,1993,7,2017,Dry,1,,
AA010367,m,1993,7,2017,Rainy,2,,
AA010367,m,1993,7,2018,Dry,3,,58
AA010367,m,1993,7,2018,Rainy,4,,52
AA010367,m,1993,7,2019,Dry,5,,
AA010367,m,1993,7,2019,Rainy,6,,
AA010368,m,2012.5,6,2017,Dry,1,95.5,15
AA010368,m,2012.5,6,2017,Rainy,2,98,15
AA010368,m,2012.5,6,2018,Dry,3,100,15
AA010368,m,2012.5,6,2018,Rainy,4,104.3,15
AA010368,m,2012.5,6,2019,Dry,5,107.5,14
AA010368,m,2012.5,6,2019,Rainy,6,109.5,17
AA010372,f,1999,11,2017,Dry,1,150.5,47
AA010372,f,1999,11,2017,Rainy,2,150.5,56
AA010372,f,1999,11,2018,Dry,3,150.5,48
AA010372,f,1999,11,2018,Rainy,4,150.5,45
AA010372,f,1999,11,2019,Dry,5,150.5,46
AA010372,f,1999,11,2019,Rainy,6,,45
AA010374,m,1991,2,2017,Dry,1,160.5,51
AA010374,m,1991,2,2017,Rainy,2,,47
AA010374,m,1991,2,2018,Dry,3,,56
AA010374,m,1991,2,2018,Rainy,4,,48
AA010374,m,1991,2,2019,Dry,5,,46
AA010374,m,1991,2,2019,Rainy,6,,48
AA010376,m,2016,7,2017,Dry,1,75,8.5
AA010376,m,2016,7,2017,Rainy,2,78,8
AA010376,m,2016,7,2018,Dry,3,79.7,10
AA010376,m,2016,7,2018,Rainy,4,82.1,10
AA010376,m,2016,7,2019,Dry,5,88.4,10.3
AA010376,m,2016,7,2019,Rainy,6,,12
AA010380,m,2004,7,2017,Dry,1,138,33
AA010380,m,2004,7,2017,Rainy,2,,
AA010380,m,2004,7,2018,Dry,3,149.4,45
AA010380,m,2004,7,2018,Rainy,4,150.5,42
AA010380,m,2004,7,2019,Dry,5,154.5,43
AA010380,m,2004,7,2019,Rainy,6,156.5,50
AA010383,f,2010,11,2017,Dry,1,127.5,25
AA010383,f,2010,11,2017,Rainy,2,130.5,25.3
AA010383,f,2010,11,2018,Dry,3,135.5,30
AA010383,f,2010,11,2018,Rainy,4,139.2,32
AA010383,f,2010,11,2019,Dry,5,142.6,33
AA010383,f,2010,11,2019,Rainy,6,144.7,38
AA010384,f,2017,10,2017,Dry,1,54,5
AA010384,f,2017,10,2017,Rainy,2,67,6
AA010384,f,2017,10,2018,Dry,3,73,8
AA010384,f,2017,10,2018,Rainy,4,78,7
AA010384,f,2017,10,2019,Dry,5,78.4,9
AA010384,f,2017,10,2019,Rainy,6,80.4,8
AA010389,m,2002,12,2017,Dry,1,154.5,46
AA010389,m,2002,12,2017,Rainy,2,156,55
AA010389,m,2002,12,2018,Dry,3,157.1,66
AA010389,m,2002,12,2018,Rainy,4,157.4,58
AA010389,m,2002,12,2019,Dry,5,158,58
AA010389,m,2002,12,2019,Rainy,6,158,65
AA010390,m,2019,4,,,1,,
AA010390,m,2019,4,2017,Rainy,2,,
AA010390,m,2019,4,2018,Dry,3,,
AA010390,m,2019,4,2018,Rainy,4,,
AA010390,m,2019,4,2019,Dry,5,,
AA010390,m,2019,4,2019,Rainy,6,60,6
AA010392,f,1999,12,2017,Dry,1,145.5,39
AA010392,f,1999,12,2017,Rainy,2,,40
AA010392,f,1999,12,2018,Dry,3,144.5,38
AA010392,f,1999,12,2018,Rainy,4,145.6,41
AA010392,f,1999,12,2019,Dry,5,145.8,40
AA010392,f,1999,12,2019,Rainy,6,146,42
AA010393,f,2012.5,6,2017,Dry,1,,
AA010393,f,2012.5,6,2017,Rainy,2,,24.8
AA010393,f,2012.5,6,2018,Dry,3,,
AA010393,f,2012.5,6,2018,Rainy,4,108.3,16
AA010393,f,2012.5,6,2019,Dry,5,110.7,15
AA010393,f,2012.5,6,2019,Rainy,6,112.5,17
AA010399,f,2008,5,2017,Dry,1,119.5,20
AA010399,f,2008,5,2017,Rainy,2,122,20
AA010399,f,2008,5,2018,Dry,3,126.8,25
AA010399,f,2008,5,2018,Rainy,4,131.8,27
AA010399,f,2008,5,2019,Dry,5,133.2,29
AA010399,f,2008,5,2019,Rainy,6,137.8,32
AA010401,m,2000,7,2017,Dry,1,149.5,35
AA010401,m,2000,7,2017,Rainy,2,152.2,34
AA010401,m,2000,7,2018,Dry,3,157.4,44
AA010401,m,2000,7,2018,Rainy,4,159.8,42
AA010401,m,2000,7,2019,Dry,5,160.7,42
AA010401,m,2000,7,2019,Rainy,6,161.1,44
AA010402,m,2017,3,2017,Dry,1,82.5,10
AA010402,m,2017,3,2017,Rainy,2,87,9
AA010402,m,2017,3,2018,Dry,3,91.1,
AA010402,m,2017,3,2018,Rainy,4,97,13
AA010402,m,2017,3,2019,Dry,5,98.7,12
AA010402,m,2017,3,2019,Rainy,6,100.8,13
AA010404,f,2005,9,2017,Dry,1,135.5,27
AA010404,f,2005,9,2017,Rainy,2,138.6,29
AA010404,f,2005,9,2018,Dry,3,,33
AA010404,f,2005,9,2018,Rainy,4,144,37
AA010404,f,2005,9,2019,Dry,5,145,38
AA010404,f,2005,9,2019,Rainy,6,145.5,38
AA010405,f,2010,2,2017,Dry,1,114.5,19
AA010405,f,2010,2,2017,Rainy,2,116.5,20
AA010405,f,2010,2,2018,Dry,3,121.2,27
AA010405,f,2010,2,2018,Rainy,4,124.2,25
AA010405,f,2010,2,2019,Dry,5,127.5,25
AA010405,f,2010,2,2019,Rainy,6,130.5,29
AA010406,f,2007,11,2017,Dry,1,127.5,17
AA010406,f,2007,11,2017,Rainy,2,129,24
AA010406,f,2007,11,2018,Dry,3,132.3,33
AA010406,f,2007,11,2018,Rainy,4,133.4,26
AA010406,f,2007,11,2019,Dry,5,136.3,26
AA010406,f,2007,11,2019,Rainy,6,137.9,31
AA010408,m,1998,10,2017,Dry,1,,
AA010408,m,1998,10,2017,Rainy,2,,
AA010408,m,1998,10,2018,Dry,3,,
AA010408,m,1998,10,2018,Rainy,4,54,3
AA010408,m,1998,10,2019,Dry,5,61.5,9
AA010408,m,1998,10,2019,Rainy,6,70,9
AA010410,f,2008,2,2017,Dry,1,88.5,10
AA010410,f,2008,2,2017,Rainy,2,91,9
AA010410,f,2008,2,2018,Dry,3,96.9,10
AA010410,f,2008,2,2018,Rainy,4,99,14
AA010410,f,2008,2,2019,Dry,5,102.3,11
AA010410,f,2008,2,2019,Rainy,6,104.9,14
AA010414,m,1999,5,2017,Dry,1,155.5,55
AA010414,m,1999,5,2017,Rainy,2,,
AA010414,m,1999,5,2018,Dry,3,,
AA010414,m,1999,5,2018,Rainy,4,,47
AA010414,m,1999,5,2019,Dry,5,,48
AA010414,m,1999,5,2019,Rainy,6,,
AA010415,m,2004,9,2017,Dry,1,147,42
AA010415,m,2004,9,2017,Rainy,2,148,44
AA010415,m,2004,9,2018,Dry,3,149,49
AA010415,m,2004,9,2018,Rainy,4,149.5,43
AA010415,m,2004,9,2019,Dry,5,149.5,42
AA010415,m,2004,9,2019,Rainy,6,,41
AA010416,m,2013.75,9,2017,Dry,1,89,15
AA010416,m,2013.75,9,2017,Rainy,2,93.5,15
AA010416,m,2013.75,9,2018,Dry,3,97,21
AA010416,m,2013.75,9,2018,Rainy,4,99.5,17
AA010416,m,2013.75,9,2019,Dry,5,103.4,16
AA010416,m,2013.75,9,2019,Rainy,6,105,17
AA010418,f,2009,7,2017,Dry,1,117.5,25
AA010418,f,2009,7,2017,Rainy,2,120,25
AA010418,f,2009,7,2018,Dry,3,123.3,28
AA010418,f,2009,7,2018,Rainy,4,124.8,25
AA010418,f,2009,7,2019,Dry,5,128,24
AA010418,f,2009,7,2019,Rainy,6,130,26
AA010419,f,2011,11,2017,Dry,1,98,17
AA010419,f,2011,11,2017,Rainy,2,101,19
AA010419,f,2011,11,2018,Dry,3,104.3,22
AA010419,f,2011,11,2018,Rainy,4,107.7,20
AA010419,f,2011,11,2019,Dry,5,110.7,18
AA010419,f,2011,11,2019,Rainy,6,113.4,21
AA010420,f,2013.876712,11,2017,Dry,1,82,11
AA010420,f,2013.876712,11,2017,Rainy,2,89.5,15
AA010420,f,2013.876712,11,2018,Dry,3,95.6,17
AA010420,f,2013.876712,11,2018,Rainy,4,98.4,16
AA010420,f,2013.876712,11,2019,Dry,5,102.2,15
AA010420,f,2013.876712,11,2019,Rainy,6,105.2,16
AA010425,m,2008,7,2017,Dry,1,119,20
AA010425,m,2008,7,2017,Rainy,2,121.5,20
AA010425,m,2008,7,2018,Dry,3,124,22
AA010425,m,2008,7,2018,Rainy,4,125.8,21
AA010425,m,2008,7,2019,Dry,5,127.5,20.4
AA010425,m,2008,7,2019,Rainy,6,129,22
AA010427,f,2003,2,2017,Dry,1,145,32
AA010427,f,2003,2,2017,Rainy,2,145.4,35
AA010427,f,2003,2,2018,Dry,3,146,42
AA010427,f,2003,2,2018,Rainy,4,147.5,36
AA010427,f,2003,2,2019,Dry,5,147.5,36
AA010427,f,2003,2,2019,Rainy,6,148.2,38
AA010428,f,2017,4,2017,Dry,1,,
AA010428,f,2017,4,2017,Rainy,2,,
AA010428,f,2017,4,2018,Dry,3,,
AA010428,f,2017,4,2018,Rainy,4,28,7
AA010428,f,2017,4,2019,Dry,5,72.5,9
AA010428,f,2017,4,2019,Rainy,6,75.5,9
AA010432,m,2014,7,2017,Dry,1,86,11
AA010432,m,2014,7,2017,Rainy,2,91.4,12
AA010432,m,2014,7,2018,Dry,3,96.7,12
AA010432,m,2014,7,2018,Rainy,4,101.7,14
AA010432,m,2014,7,2019,Dry,5,104.2,12
AA010432,m,2014,7,2019,Rainy,6,105.5,14
AA010435,m,1998,4,2017,Dry,1,,
AA010435,m,1998,4,2017,Rainy,2,,55
AA010435,m,1998,4,2018,Dry,3,168,58
AA010435,m,1998,4,2018,Rainy,4,168.6,55
AA010435,m,1998,4,2019,Dry,5,169,55
AA010435,m,1998,4,2019,Rainy,6,,55
AA010436,m,2017,2,2017,Dry,1,,
AA010436,m,2017,2,2017,Rainy,2,51.6,7
AA010436,m,2017,2,2018,Dry,3,77.5,7.5
AA010436,m,2017,2,2018,Rainy,4,78.2,10
AA010436,m,2017,2,2019,Dry,5,82.9,11
AA010436,m,2017,2,2019,Rainy,6,85.4,12
AA010438,f,2008,8,2017,Dry,1,131,25
AA010438,f,2008,8,2017,Rainy,2,135,32
AA010438,f,2008,8,2018,Dry,3,140.7,31
AA010438,f,2008,8,2018,Rainy,4,145.3,32
AA010438,f,2008,8,2019,Dry,5,145.5,34
AA010438,f,2008,8,2019,Rainy,6,149.2,35
AA010441,m,2003,9,2017,Dry,1,,
AA010441,m,2003,9,2017,Rainy,2,149.9,31
AA010441,m,2003,9,2018,Dry,3,,
AA010441,m,2003,9,2018,Rainy,4,155,36
AA010441,m,2003,9,2019,Dry,5,156,40
AA010441,m,2003,9,2019,Rainy,6,158.5,40
AA010442,m,2005,11,2017,Dry,1,,
AA010442,m,2005,11,2017,Rainy,2,141,30
AA010442,m,2005,11,2018,Dry,3,,
AA010442,m,2005,11,2018,Rainy,4,150,36
AA010442,m,2005,11,2019,Dry,5,155,43
AA010442,m,2005,11,2019,Rainy,6,157,41
AA010444,f,2014,9,2017,Dry,1,,
AA010444,f,2014,9,2017,Rainy,2,,
AA010444,f,2014,9,2018,Dry,3,,
AA010444,f,2014,9,2018,Rainy,4,94.5,14
AA010444,f,2014,9,2019,Dry,5,99,15
AA010444,f,2014,9,2019,Rainy,6,100.5,15
AA010447,m,2009,6,2017,Dry,1,83.5,11
AA010447,m,2009,6,2017,Rainy,2,,
AA010447,m,2009,6,2018,Dry,3,,
AA010447,m,2009,6,2018,Rainy,4,125.8,21
AA010447,m,2009,6,2019,Dry,5,,
AA010447,m,2009,6,2019,Rainy,6,128,28
AA010448,m,2016,9,2017,Dry,1,,
AA010448,m,2016,9,2017,Rainy,2,,
AA010448,m,2016,9,2018,Dry,3,92,12.2
AA010448,m,2016,9,2018,Rainy,4,,
AA010448,m,2016,9,2019,Dry,5,,
AA010448,m,2016,9,2019,Rainy,6,105,13
AA010452,f,2007,1,2017,Dry,1,,
AA010452,f,2007,1,2017,Rainy,2,136,26.3
AA010452,f,2007,1,2018,Dry,3,138,28
AA010452,f,2007,1,2018,Rainy,4,143,31
AA010452,f,2007,1,2019,Dry,5,145,34
AA010452,f,2007,1,2019,Rainy,6,146,33
AA010453,m,2012,9,2017,Dry,1,,
AA010453,m,2012,9,2017,Rainy,2,100.5,14.1
AA010453,m,2012,9,2018,Dry,3,103.5,15
AA010453,m,2012,9,2018,Rainy,4,107,16
AA010453,m,2012,9,2019,Dry,5,110,17
AA010453,m,2012,9,2019,Rainy,6,110.2,16
AA010455,f,2013.416667,5,2017,Dry,1,,
AA010455,f,2013.416667,5,2017,Rainy,2,93.5,13
AA010455,f,2013.416667,5,2018,Dry,3,98.5,14.3
AA010455,f,2013.416667,5,2018,Rainy,4,100,15
AA010455,f,2013.416667,5,2019,Dry,5,106,15
AA010455,f,2013.416667,5,2019,Rainy,6,107.2,15
AA010457,m,2012,3,2017,Dry,1,,
AA010457,m,2012,3,2017,Rainy,2,104,15.1
AA010457,m,2012,3,2018,Dry,3,107.9,15.5
AA010457,m,2012,3,2018,Rainy,4,111,17
AA010457,m,2012,3,2019,Dry,5,112,19
AA010457,m,2012,3,2019,Rainy,6,114.9,18
AA010459,f,2013.833333,10,2017,Dry,1,,
AA010459,f,2013.833333,10,2017,Rainy,2,91.5,11.8
AA010459,f,2013.833333,10,2018,Dry,3,96.7,12.8
AA010459,f,2013.833333,10,2018,Rainy,4,100,15
AA010459,f,2013.833333,10,2019,Dry,5,105,15
AA010459,f,2013.833333,10,2019,Rainy,6,107.5,16
AA010461,m,2007,4,2017,Dry,1,122.5,22
AA010461,m,2007,4,2017,Rainy,2,125,23
AA010461,m,2007,4,2018,Dry,3,125.8,22.5
AA010461,m,2007,4,2018,Rainy,4,127,26
AA010461,m,2007,4,2019,Dry,5,129,25
AA010461,m,2007,4,2019,Rainy,6,131,25
AA010462,m,2009.5,6,2017,Dry,1,115,20
AA010462,m,2009.5,6,2017,Rainy,2,119.5,21.1
AA010462,m,2009.5,6,2018,Dry,3,122,21.6
AA010462,m,2009.5,6,2018,Rainy,4,124,24
AA010462,m,2009.5,6,2019,Dry,5,126,24
AA010462,m,2009.5,6,2019,Rainy,6,127.3,24
AA010464,f,2012.5,6,2017,Dry,1,95.5,15
AA010464,f,2012.5,6,2017,Rainy,2,97.5,14.7
AA010464,f,2012.5,6,2018,Dry,3,101,8.3
AA010464,f,2012.5,6,2018,Rainy,4,107,12
AA010464,f,2012.5,6,2019,Dry,5,110,15
AA010464,f,2012.5,6,2019,Rainy,6,,17
AA010466,m,2017,11,2017,Dry,1,,
AA010466,m,2017,11,2017,Rainy,2,58,4
AA010466,m,2017,11,2018,Dry,3,69,6.1
AA010466,m,2017,11,2018,Rainy,4,76,9
AA010466,m,2017,11,2019,Dry,5,78,9
AA010466,m,2017,11,2019,Rainy,6,82.9,9
AA010468,m,2009,1,2017,Dry,1,,
AA010468,m,2009,1,2017,Rainy,2,99,15
AA010468,m,2009,1,2018,Dry,3,104,14.4
AA010468,m,2009,1,2018,Rainy,4,107.3,15
AA010468,m,2009,1,2019,Dry,5,114,16
AA010468,m,2009,1,2019,Rainy,6,,15
AA010469,m,2012,10,2017,Dry,1,,
AA010469,m,2012,10,2017,Rainy,2,,
AA010469,m,2012,10,2018,Dry,3,117.5,19.5
AA010469,m,2012,10,2018,Rainy,4,,
AA010469,m,2012,10,2019,Dry,5,121.5,20
AA010469,m,2012,10,2019,Rainy,6,123,20
AA010470,f,2015,11,2017,Dry,1,,
AA010470,f,2015,11,2017,Rainy,2,80,10
AA010470,f,2015,11,2018,Dry,3,93,10.2
AA010470,f,2015,11,2018,Rainy,4,93.3,11
AA010470,f,2015,11,2019,Dry,5,96,12
AA010470,f,2015,11,2019,Rainy,6,96.5,13
AA010474,m,2017,7,2017,Dry,1,,
AA010474,m,2017,7,2017,Rainy,2,50,3
AA010474,m,2017,7,2018,Dry,3,60,6
AA010474,m,2017,7,2018,Rainy,4,,
AA010474,m,2017,7,2019,Dry,5,66,8
AA010474,m,2017,7,2019,Rainy,6,70.8,8
AA010476,f,2013.333333,4,2017,Dry,1,,
AA010476,f,2013.333333,4,2017,Rainy,2,85,11
AA010476,f,2013.333333,4,2018,Dry,3,91,11.8
AA010476,f,2013.333333,4,2018,Rainy,4,,
AA010476,f,2013.333333,4,2019,Dry,5,98,13
AA010476,f,2013.333333,4,2019,Rainy,6,99.7,14
AA010477,m,2011.5,6,2017,Dry,1,,
AA010477,m,2011.5,6,2017,Rainy,2,,
AA010477,m,2011.5,6,2018,Dry,3,,
AA010477,m,2011.5,6,2018,Rainy,4,,
AA010477,m,2011.5,6,2019,Dry,5,,
AA010477,m,2011.5,6,2019,Rainy,6,121.5,23
AA010478,m,2002,8,2017,Dry,1,,
AA010478,m,2002,8,2017,Rainy,2,,
AA010478,m,2002,8,2018,Dry,3,,
AA010478,m,2002,8,2018,Rainy,4,,
AA010478,m,2002,8,2019,Dry,5,,
AA010478,m,2002,8,2019,Rainy,6,155.8,51
AA010481,m,2009,9,2017,Dry,1,,
AA010481,m,2009,9,2017,Rainy,2,,
AA010481,m,2009,9,2018,Dry,3,,
AA010481,m,2009,9,2018,Rainy,4,129,24
AA010481,m,2009,9,2019,Dry,5,,
AA010481,m,2009,9,2019,Rainy,6,,
AA010482,m,2011,2,2017,Dry,1,,
AA010482,m,2011,2,2017,Rainy,2,,
AA010482,m,2011,2,2018,Dry,3,,
AA010482,m,2011,2,2018,Rainy,4,123,21
AA010482,m,2011,2,2019,Dry,5,,
AA010482,m,2011,2,2019,Rainy,6,,
AA010483,m,2017,9,2017,Dry,1,,
AA010483,m,2017,9,2017,Rainy,2,,
AA010483,m,2017,9,2018,Dry,3,,
AA010483,m,2017,9,2018,Rainy,4,58,6
AA010483,m,2017,9,2019,Dry,5,,
AA010483,m,2017,9,2019,Rainy,6,,
AA010488,m,2009,3,2017,Dry,1,98,16
AA010488,m,2009,3,2017,Rainy,2,99.5,15
AA010488,m,2009,3,2018,Dry,3,,
AA010488,m,2009,3,2018,Rainy,4,,
AA010488,m,2009,3,2019,Dry,5,,
AA010488,m,2009,3,2019,Rainy,6,,
AA010495,m,2004,11,2017,Dry,1,136.5,28
AA010495,m,2004,11,2017,Rainy,2,,
AA010495,m,2004,11,2018,Dry,3,144,31.2
AA010495,m,2004,11,2018,Rainy,4,,
AA010495,m,2004,11,2019,Dry,5,,
AA010495,m,2004,11,2019,Rainy,6,152.8,40
AA010496,m,2011.5,6,2017,Dry,1,92,14
AA010496,m,2011.5,6,2017,Rainy,2,,
AA010496,m,2011.5,6,2018,Dry,3,97.5,14.9
AA010496,m,2011.5,6,2018,Rainy,4,,
AA010496,m,2011.5,6,2019,Dry,5,,
AA010496,m,2011.5,6,2019,Rainy,6,,
AA010497,m,2017,5,2017,Dry,1,80,8
AA010497,m,2017,5,2017,Rainy,2,,
AA010497,m,2017,5,2018,Dry,3,90.5,12.8
AA010497,m,2017,5,2018,Rainy,4,,
AA010497,m,2017,5,2019,Dry,5,,
AA010497,m,2017,5,2019,Rainy,6,,
AA010499,f,2017,7,2017,Dry,1,45.5,5
AA010499,f,2017,7,2017,Rainy,2,58,6
AA010499,f,2017,7,2018,Dry,3,64,6
AA010499,f,2017,7,2018,Rainy,4,65,8
AA010499,f,2017,7,2019,Dry,5,73.8,9
AA010499,f,2017,7,2019,Rainy,6,79,9
AA010500,f,2018,7,2017,Dry,1,,
AA010500,f,2018,7,2017,Rainy,2,,
AA010500,f,2018,7,2018,Dry,3,,
AA010500,f,2018,7,2018,Rainy,4,53,4
AA010500,f,2018,7,2019,Dry,5,60,7
AA010500,f,2018,7,2019,Rainy,6,70,9
AA010502,m,2009,7,2017,Dry,1,114,19
AA010502,m,2009,7,2017,Rainy,2,115.5,19
AA010502,m,2009,7,2018,Dry,3,119.5,19.2
AA010502,m,2009,7,2018,Rainy,4,,
AA010502,m,2009,7,2019,Dry,5,123.5,21
AA010502,m,2009,7,2019,Rainy,6,,23
AA010504,f,2007,3,2017,Dry,1,141,32
AA010504,f,2007,3,2017,Rainy,2,142,31
AA010504,f,2007,3,2018,Dry,3,142,33
AA010504,f,2007,3,2018,Rainy,4,,
AA010504,f,2007,3,2019,Dry,5,149,37
AA010504,f,2007,3,2019,Rainy,6,149.5,37
AA010505,f,2014,11,2017,Dry,1,84,10
AA010505,f,2014,11,2017,Rainy,2,86.4,11
AA010505,f,2014,11,2018,Dry,3,90,11.3
AA010505,f,2014,11,2018,Rainy,4,,
AA010505,f,2014,11,2019,Dry,5,96.2,13
AA010505,f,2014,11,2019,Rainy,6,98,9
AA010508,m,1999,12,2017,Dry,1,,
AA010508,m,1999,12,2017,Rainy,2,,
AA010508,m,1999,12,2018,Dry,3,169,52.6
AA010508,m,1999,12,2018,Rainy,4,,55
AA010508,m,1999,12,2019,Dry,5,,
AA010508,m,1999,12,2019,Rainy,6,,55
AA010509,m,2016,11,2017,Dry,1,50,6
AA010509,m,2016,11,2017,Rainy,2,,
AA010509,m,2016,11,2018,Dry,3,,
AA010509,m,2016,11,2018,Rainy,4,,
AA010509,m,2016,11,2019,Dry,5,,
AA010509,m,2016,11,2019,Rainy,6,,
AA010513,f,2007,12,2017,Dry,1,,
AA010513,f,2007,12,2017,Rainy,2,,
AA010513,f,2007,12,2018,Dry,3,,
AA010513,f,2007,12,2018,Rainy,4,,
AA010513,f,2007,12,2019,Dry,5,85,19
AA010513,f,2007,12,2019,Rainy,6,,
AA010516,m,2007,8,2017,Dry,1,119,21
AA010516,m,2007,8,2017,Rainy,2,121,18
AA010516,m,2007,8,2018,Dry,3,,23.3
AA010516,m,2007,8,2018,Rainy,4,132,30
AA010516,m,2007,8,2019,Dry,5,134.2,31
AA010516,m,2007,8,2019,Rainy,6,138,32
AA010517,m,2009,8,2017,Dry,1,107.5,20
AA010517,m,2009,8,2017,Rainy,2,111,
AA010517,m,2009,8,2018,Dry,3,112,20
AA010517,m,2009,8,2018,Rainy,4,115,22
AA010517,m,2009,8,2019,Dry,5,117.9,23
AA010517,m,2009,8,2019,Rainy,6,120,24
AA010519,f,2012,7,2017,Dry,1,94.5,14
AA010519,f,2012,7,2017,Rainy,2,98,16
AA010519,f,2012,7,2018,Dry,3,101.5,14.6
AA010519,f,2012,7,2018,Rainy,4,105,15
AA010519,f,2012,7,2019,Dry,5,106.4,17
AA010519,f,2012,7,2019,Rainy,6,109.3,15
AA010521,m,2014,12,2017,Dry,1,88.5,12
AA010521,m,2014,12,2017,Rainy,2,,
AA010521,m,2014,12,2018,Dry,3,96,11.5
AA010521,m,2014,12,2018,Rainy,4,,
AA010521,m,2014,12,2019,Dry,5,,
AA010521,m,2014,12,2019,Rainy,6,,
AA010523,f,2018,5,2017,Dry,1,,
AA010523,f,2018,5,2017,Rainy,2,,
AA010523,f,2018,5,2018,Dry,3,,
AA010523,f,2018,5,2018,Rainy,4,,
AA010523,f,2018,5,2019,Dry,5,,
AA010523,f,2018,5,2019,Rainy,6,61,7
AA010527,f,2008,9,2017,Dry,1,,
AA010527,f,2008,9,2017,Rainy,2,,
AA010527,f,2008,9,2018,Dry,3,,
AA010527,f,2008,9,2018,Rainy,4,137,38
AA010527,f,2008,9,2019,Dry,5,,
AA010527,f,2008,9,2019,Rainy,6,141,32
AA010528,f,2010,3,2017,Dry,1,,
AA010528,f,2010,3,2017,Rainy,2,,
AA010528,f,2010,3,2018,Dry,3,,
AA010528,f,2010,3,2018,Rainy,4,118.5,20
AA010528,f,2010,3,2019,Dry,5,,
AA010528,f,2010,3,2019,Rainy,6,122.7,22
AA010529,f,2017,8,2017,Dry,1,,
AA010529,f,2017,8,2017,Rainy,2,,
AA010529,f,2017,8,2018,Dry,3,72,8.3
AA010529,f,2017,8,2018,Rainy,4,80,11
AA010529,f,2017,8,2019,Dry,5,81.4,11
AA010529,f,2017,8,2019,Rainy,6,87,12
AA010532,f,2014,9,2017,Dry,1,82,10
AA010532,f,2014,9,2017,Rainy,2,87,11
AA010532,f,2014,9,2018,Dry,3,,12.6
AA010532,f,2014,9,2018,Rainy,4,,
AA010532,f,2014,9,2019,Dry,5,98.7,14
AA010532,f,2014,9,2019,Rainy,6,102,16
AA010535,f,2016,12,2017,Dry,1,,
AA010535,f,2016,12,2017,Rainy,2,67,9
AA010535,f,2016,12,2018,Dry,3,,
AA010535,f,2016,12,2018,Rainy,4,,
AA010535,f,2016,12,2019,Dry,5,,
AA010535,f,2016,12,2019,Rainy,6,,
AA010538,f,2014,12,2017,Dry,1,,
AA010538,f,2014,12,2017,Rainy,2,87.5,11.9
AA010538,f,2014,12,2018,Dry,3,93,13
AA010538,f,2014,12,2018,Rainy,4,96,14
AA010538,f,2014,12,2019,Dry,5,101,16
AA010538,f,2014,12,2019,Rainy,6,102.5,15
AA010540,m,2013,6,2017,Dry,1,,
AA010540,m,2013,6,2017,Rainy,2,106.5,22
AA010540,m,2013,6,2018,Dry,3,,
AA010540,m,2013,6,2018,Rainy,4,113,22
AA010540,m,2013,6,2019,Dry,5,116,22
AA010540,m,2013,6,2019,Rainy,6,130,25
AA010541,m,2018,11,2017,Dry,1,,
AA010541,m,2018,11,2017,Rainy,2,,
AA010541,m,2018,11,2018,Dry,3,,
AA010541,m,2018,11,2018,Rainy,4,,
AA010541,m,2018,11,2019,Dry,5,58,6
AA010541,m,2018,11,2019,Rainy,6,70,10
AA010543,f,2008,2,2017,Dry,1,,
AA010543,f,2008,2,2017,Rainy,2,,
AA010543,f,2008,2,2018,Dry,3,,
AA010543,f,2008,2,2018,Rainy,4,124,21
AA010543,f,2008,2,2019,Dry,5,126.5,22
AA010543,f,2008,2,2019,Rainy,6,128.5,24
AA010545,f,2010,2,2017,Dry,1,,
AA010545,f,2010,2,2017,Rainy,2,,
AA010545,f,2010,2,2018,Dry,3,,
AA010545,f,2010,2,2018,Rainy,4,132,29
AA010545,f,2010,2,2019,Dry,5,,
AA010545,f,2010,2,2019,Rainy,6,,